Workbook

Sheet Summary
A1: Region | B1: Q1 | C1: Q2 | D1: Q3 | E1: Q4 | F1: Year
A2: North | B2: ='Q1'!B2 | C2: ='Q2'!B2 | D2: ='Q3'!B2 | E2: ='Q4'!B2 | F2: =SUM(B2:E2)
A3: South | B3: ='Q1'!B3 | C3: ='Q2'!B3 | D3: ='Q3'!B3 | E3: ='Q4'!B3 | F3: =SUM(B3:E3)
A4: East | B4: ='Q1'!B4 | C4: ='Q2'!B4 | D4: ='Q3'!B4 | E4: ='Q4'!B4 | F4: =SUM(B4:E4)
A5: West | B5: ='Q1'!B5 | C5: ='Q2'!B5 | D5: ='Q3'!B5 | E5: ='Q4'!B5 | F5: =SUM(B5:E5)
A6: Total | B6: =SUM(B2:B5) | C6: =SUM(C2:C5) | D6: =SUM(D2:D5) | E6: =SUM(E2:E5) | F6: =SUM(F2:F5)
A8: Every figure is invented. The four quarter sheets feed this summary by reference, so a reader has cross-sheet formulas to resolve.

Sheet Q1
A1: Region | B1: Revenue | C1: Orders | D1: Average order
A2: North | B2: 412000 | C2: 118 | D2: =IF(C2=0,0,B2/C2)
A3: South | B3: 288000 | C3: 74 | D3: =IF(C3=0,0,B3/C3)
A4: East | B4: 120000 | C4: 41 | D4: =IF(C4=0,0,B4/C4)
A5: West | B5: 75000 | C5: 22 | D5: =IF(C5=0,0,B5/C5)
A6: Total | B6: =SUM(B2:B5) | C6: =SUM(C2:C5)

Sheet Q2
A1: Region | B1: Revenue | C1: Orders | D1: Average order
A2: North | B2: 455000 | C2: 126 | D2: =IF(C2=0,0,B2/C2)
A3: South | B3: 301000 | C3: 80 | D3: =IF(C3=0,0,B3/C3)
A4: East | B4: 98000 | C4: 33 | D4: =IF(C4=0,0,B4/C4)
A5: West | B5: 84000 | C5: 25 | D5: =IF(C5=0,0,B5/C5)
A6: Total | B6: =SUM(B2:B5) | C6: =SUM(C2:C5)

Sheet Q3
A1: Region | B1: Revenue | C1: Orders | D1: Average order
A2: North | B2: 398000 | C2: 109 | D2: =IF(C2=0,0,B2/C2)
A3: South | B3: 344000 | C3: 91 | D3: =IF(C3=0,0,B3/C3)
A4: East | B4: 176000 | C4: 52 | D4: =IF(C4=0,0,B4/C4)
A5: West | B5: 84000 | C5: 24 | D5: =IF(C5=0,0,B5/C5)
A6: Total | B6: =SUM(B2:B5) | C6: =SUM(C2:C5)

Sheet Q4
A1: Region | B1: Revenue | C1: Orders | D1: Average order
A2: North | B2: 501000 | C2: 141 | D2: =IF(C2=0,0,B2/C2)
A3: South | B3: 362000 | C3: 96 | D3: =IF(C3=0,0,B3/C3)
A4: East | B4: 204000 | C4: 61 | D4: =IF(C4=0,0,B4/C4)
A5: West | B5: 91000 | C5: 27 | D5: =IF(C5=0,0,B5/C5)
A6: Total | B6: =SUM(B2:B5) | C6: =SUM(C2:C5)
