Workbook

Sheet Data
A1: Order | B1: Date | C1: Customer | D1: Region | E1: Units | F1: Unit price | G1: Amount
A2: 10241 | B2: 46083 | C2: Copperline Foods | D2: North | E2: 12 | F2: 103.33 | G2: =E2*F2
A3: 10242 | B3: 46085 | C3: Orrery Analytics | D3: South | E3: 3 | F3: 106.17 | G3: =E3*F3
A4: 10243 | B4: 46085 | C4: Kestrel & Pike | D4: East | E4: 0 | F4: 0 | G4: =E4*F4
A5: 10244 | B5: 46090 | C5: Vantabrook Ltd. | D5: West | E5: 45 | F5: 175.68 | G5: =E5*F5
A6: 10245 | B6: 46092 | C6: Copperline Foods | D6: North | E6: 8 | F6: 92.5 | G6: =E6*F6
A7: 10246 | B7: 46096 | C7: Marrowfield Rail | D7: East | E7: 22 | F7: 64.1 | G7: =E7*F7
A8: 10247 | B8: 46099 | C8: Orrery Analytics | D8: South | E8: 17 | F8: 121 | G8: =E8*F8
A9: 10248 | B9: 46102 | C9: Quillon Press | D9: West | E9: 5 | F9: 240 | G9: =E9*F9
A10: 10249 | B10: 46106 | C10: Marrowfield Rail | D10: East | E10: 31 | F10: 58.75 | G10: =E10*F10
A11: 10250 | B11: 46110 | C11: Copperline Foods | D11: North | E11: 9 | F11: 110.2 | G11: =E11*F11

Sheet Formulas
A1: What it computes | B1: Result | C1: Formula, as written
A2: Row count | B2: =COUNTA(Data!A2:A11) | C2: '=COUNTA(Data!A2:A11)
A3: Total units | B3: =SUM(Data!E2:E11) | C3: '=SUM(Data!E2:E11)
A4: Total amount | B4: =SUM(Data!G2:G11) | C4: '=SUM(Data!G2:G11)
A5: Average order | B5: =AVERAGE(Data!G2:G11) | C5: '=AVERAGE(Data!G2:G11)
A6: Median order | B6: =MEDIAN(Data!G2:G11) | C6: '=MEDIAN(Data!G2:G11)
A7: Largest order | B7: =MAX(Data!G2:G11) | C7: '=MAX(Data!G2:G11)
A8: Smallest non-zero order | B8: =MIN(IF(Data!G2:G11>0,Data!G2:G11)) | C8: '=MIN(IF(Data!G2:G11>0,Data!G2:G11))
A9: Standard deviation | B9: =STDEV(Data!G2:G11) | C9: '=STDEV(Data!G2:G11)
A10: Orders from the North | B10: =COUNTIF(Data!D2:D11,"North") | C10: '=COUNTIF(Data!D2:D11,"North")
A11: Amount from the North | B11: =SUMIF(Data!D2:D11,"North",Data!G2:G11) | C11: '=SUMIF(Data!D2:D11,"North",Data!G2:G11)
A12: Amount, North and over 10 units | B12: =SUMIFS(Data!G2:G11,Data!D2:D11,"North",Data!E2:E11,">10") | C12: '=SUMIFS(Data!G2:G11,Data!D2:D11,"North",Data!E2:E11,">10")
A13: Customer of order 10244 | B13: =VLOOKUP(10244,Data!A2:G11,3,FALSE) | C13: '=VLOOKUP(10244,Data!A2:G11,3,FALSE)
A14: Region of order 10248 | B14: =INDEX(Data!D2:D11,MATCH(10248,Data!A2:A11,0)) | C14: '=INDEX(Data!D2:D11,MATCH(10248,Data!A2:A11,0))
A15: Best-selling order, by amount | B15: =INDEX(Data!A2:A11,MATCH(MAX(Data!G2:G11),Data!G2:G11,0)) | C15: '=INDEX(Data!A2:A11,MATCH(MAX(Data!G2:G11),Data!G2:G11,0))
A16: Orders in the last ten days of March | B16: =COUNTIFS(Data!B2:B11,">="&DATE(2026,3,22)) | C16: '=COUNTIFS(Data!B2:B11,">="&DATE(2026,3,22))
A17: Cancelled orders (zero units) | B17: =COUNTIF(Data!E2:E11,0) | C17: '=COUNTIF(Data!E2:E11,0)
A18: Share of amount from the East | B18: =SUMIF(Data!D2:D11,"East",Data!G2:G11)/SUM(Data!G2:G11) | C18: '=SUMIF(Data!D2:D11,"East",Data!G2:G11)/SUM(Data!G2:G11)
A19: Customer list, joined | B19: =TEXTJOIN(", ",TRUE,Data!C2:C4) | C19: '=TEXTJOIN(", ",TRUE,Data!C2:C4)
A20: Rounded average | B20: =ROUND(AVERAGE(Data!G2:G11),0) | C20: '=ROUND(AVERAGE(Data!G2:G11),0)
A21: A deliberate error, for handling | B21: =1/0 | C21: '=1/0
A22: The same, guarded | B22: =IFERROR(1/0,"guarded") | C22: '=IFERROR(1/0,"guarded")
A24: Values are computed when a spreadsheet application opens the file; a reader that only parses the XML sees the formulas.
